start_time,end_time
1692129457611,1692129501789
1692129627073,1692129668031
1692130707809,1692130738984
1692130814574,1692130855459
1692131035844,1692131071209
1692131181679,1692131212629
1692131343468,1692131374148
1692131539322,1692131570121
1692131663134,1692131694366
1692131810529,1692131861135
1692183811957,1692183826812
1692184161949,1692184188527
1692197009229,1692197055588
1692197271295,1692197296647
1692266908561,1692266976455
1692267228912,1692267267359
1692286445559,1692286463118
1692286690603,1692286713592
1692348035573,1692348069205
1692348275855,1692348292763
1692368906657,1692368959708
1692369349314,1692369372219
1692441893242,1692441944896
1692442337099,1692442356153
1692458180878,1692458197291
1692458449854,1692458465787
1692458811038,1692458846206
1692542575149,1692542649519
1692543060515,1692543063500
1692543064258,1692543064724
1692543065483,1692543066560
1692568824771,1692568885299
1692569009323,1692569070861
1692570289401,1692570350208
1692570397206,1692570457879
1692571880173,1692571891498
1692571951095,1692572021073
